date,query,clicks,impressions,ctr,position,window_start,window_end
2026-09-19,"fridge repair london",10,30,0.333333,13.90,2026-09-12,2026-09-18
2026-09-19,"freezer repair london",3,12,0.250000,14.17,2026-09-12,2026-09-18
2026-09-19,"commercial fridge repair london",14,40,0.350000,15.15,2026-09-12,2026-09-18
2026-09-19,"cold room repair london",29,50,0.580000,5.38,2026-09-12,2026-09-18
2026-09-19,"chiller repair near me",0,1,0.000000,28.00,2026-09-12,2026-09-18
2026-09-19,"commercial freezer repair london",0,0,0.000000,0.00,2026-09-12,2026-09-18
2026-09-19,"ice machine repair london",0,0,0.000000,0.00,2026-09-12,2026-09-18
2026-09-20,"fridge repair london",13,39,0.333333,10.79,2026-09-13,2026-09-19
2026-09-20,"freezer repair london",2,8,0.250000,6.88,2026-09-13,2026-09-19
2026-09-20,"commercial fridge repair london",13,39,0.333333,16.08,2026-09-13,2026-09-19
2026-09-20,"cold room repair london",31,47,0.659574,5.72,2026-09-13,2026-09-19
2026-09-20,"chiller repair near me",0,1,0.000000,28.00,2026-09-13,2026-09-19
2026-09-20,"commercial freezer repair london",0,0,0.000000,0.00,2026-09-13,2026-09-19
2026-09-20,"ice machine repair london",0,0,0.000000,0.00,2026-09-13,2026-09-19
2026-09-20,"fridge repair london",14,41,0.341463,10.73,2026-09-13,2026-09-19
2026-09-20,"freezer repair london",3,9,0.333333,6.78,2026-09-13,2026-09-19
2026-09-20,"commercial fridge repair london",13,39,0.333333,16.08,2026-09-13,2026-09-19
2026-09-20,"cold room repair london",31,47,0.659574,5.72,2026-09-13,2026-09-19
2026-09-20,"chiller repair near me",0,1,0.000000,28.00,2026-09-13,2026-09-19
2026-09-20,"commercial freezer repair london",0,0,0.000000,0.00,2026-09-13,2026-09-19
2026-09-20,"ice machine repair london",0,0,0.000000,0.00,2026-09-13,2026-09-19
2026-09-21,"fridge repair london",14,42,0.333333,9.88,2026-09-14,2026-09-20
2026-09-21,"freezer repair london",4,10,0.400000,7.90,2026-09-14,2026-09-20
2026-09-21,"commercial fridge repair london",18,42,0.428571,13.83,2026-09-14,2026-09-20
2026-09-21,"cold room repair london",27,40,0.675000,6.78,2026-09-14,2026-09-20
2026-09-21,"chiller repair near me",0,0,0.000000,0.00,2026-09-14,2026-09-20
2026-09-21,"commercial freezer repair london",0,0,0.000000,0.00,2026-09-14,2026-09-20
2026-09-21,"ice machine repair london",0,0,0.000000,0.00,2026-09-14,2026-09-20
2026-09-22,"fridge repair london",14,44,0.318182,9.80,2026-09-15,2026-09-21
2026-09-22,"freezer repair london",4,11,0.363636,8.27,2026-09-15,2026-09-21
2026-09-22,"commercial fridge repair london",14,43,0.325581,14.12,2026-09-15,2026-09-21
2026-09-22,"cold room repair london",24,38,0.631579,7.00,2026-09-15,2026-09-21
2026-09-22,"chiller repair near me",0,1,0.000000,20.00,2026-09-15,2026-09-21
2026-09-22,"commercial freezer repair london",0,0,0.000000,0.00,2026-09-15,2026-09-21
2026-09-22,"ice machine repair london",0,0,0.000000,0.00,2026-09-15,2026-09-21
2026-09-23,"fridge repair london",17,52,0.326923,9.75,2026-09-16,2026-09-22
2026-09-23,"freezer repair london",6,13,0.461538,8.54,2026-09-16,2026-09-22
2026-09-23,"commercial fridge repair london",19,58,0.327586,12.78,2026-09-16,2026-09-22
2026-09-23,"cold room repair london",24,35,0.685714,7.00,2026-09-16,2026-09-22
2026-09-23,"chiller repair near me",0,2,0.000000,17.00,2026-09-16,2026-09-22
2026-09-23,"commercial freezer repair london",0,0,0.000000,0.00,2026-09-16,2026-09-22
2026-09-23,"ice machine repair london",0,0,0.000000,0.00,2026-09-16,2026-09-22
2026-09-24,"fridge repair london",16,48,0.333333,9.81,2026-09-17,2026-09-23
2026-09-24,"freezer repair london",7,17,0.411765,9.00,2026-09-17,2026-09-23
2026-09-24,"commercial fridge repair london",18,62,0.290323,12.58,2026-09-17,2026-09-23
2026-09-24,"cold room repair london",24,39,0.615385,6.69,2026-09-17,2026-09-23
2026-09-24,"chiller repair near me",0,4,0.000000,19.50,2026-09-17,2026-09-23
2026-09-24,"commercial freezer repair london",0,0,0.000000,0.00,2026-09-17,2026-09-23
2026-09-24,"ice machine repair london",0,0,0.000000,0.00,2026-09-17,2026-09-23
2026-09-25,"fridge repair london",14,43,0.325581,9.70,2026-09-18,2026-09-24
2026-09-25,"freezer repair london",8,20,0.400000,9.40,2026-09-18,2026-09-24
2026-09-25,"commercial fridge repair london",18,69,0.260870,11.96,2026-09-18,2026-09-24
2026-09-25,"cold room repair london",25,41,0.609756,6.61,2026-09-18,2026-09-24
2026-09-25,"chiller repair near me",0,6,0.000000,18.67,2026-09-18,2026-09-24
2026-09-25,"commercial freezer repair london",0,0,0.000000,0.00,2026-09-18,2026-09-24
2026-09-25,"ice machine repair london",0,0,0.000000,0.00,2026-09-18,2026-09-24
2026-09-26,"fridge repair london",9,57,0.157895,11.14,2026-09-19,2026-09-25
2026-09-26,"freezer repair london",6,25,0.240000,10.88,2026-09-19,2026-09-25
2026-09-26,"commercial fridge repair london",16,66,0.242424,12.26,2026-09-19,2026-09-25
2026-09-26,"cold room repair london",19,35,0.542857,7.63,2026-09-19,2026-09-25
2026-09-26,"chiller repair near me",0,8,0.000000,18.38,2026-09-19,2026-09-25
2026-09-26,"commercial freezer repair london",0,0,0.000000,0.00,2026-09-19,2026-09-25
2026-09-26,"ice machine repair london",0,0,0.000000,0.00,2026-09-19,2026-09-25
2026-09-27,"fridge repair london",5,58,0.086207,10.52,2026-09-20,2026-09-26
2026-09-27,"freezer repair london",6,29,0.206897,10.45,2026-09-20,2026-09-26
2026-09-27,"commercial fridge repair london",14,67,0.208955,11.79,2026-09-20,2026-09-26
2026-09-27,"cold room repair london",15,36,0.416667,7.69,2026-09-20,2026-09-26
2026-09-27,"chiller repair near me",0,10,0.000000,18.20,2026-09-20,2026-09-26
2026-09-27,"commercial freezer repair london",0,0,0.000000,0.00,2026-09-20,2026-09-26
2026-09-27,"ice machine repair london",0,0,0.000000,0.00,2026-09-20,2026-09-26
2026-09-28,"fridge repair london",7,64,0.109375,9.77,2026-09-21,2026-09-27
2026-09-28,"freezer repair london",5,31,0.161290,10.35,2026-09-21,2026-09-27
2026-09-28,"commercial fridge repair london",7,63,0.111111,11.78,2026-09-21,2026-09-27
2026-09-28,"cold room repair london",10,32,0.312500,8.44,2026-09-21,2026-09-27
2026-09-28,"chiller repair near me",0,11,0.000000,16.18,2026-09-21,2026-09-27
2026-09-28,"commercial freezer repair london",0,0,0.000000,0.00,2026-09-21,2026-09-27
2026-09-28,"ice machine repair london",0,0,0.000000,0.00,2026-09-21,2026-09-27
2026-09-29,"fridge repair london",7,64,0.109375,10.00,2026-09-22,2026-09-28
2026-09-29,"freezer repair london",5,34,0.147059,10.79,2026-09-22,2026-09-28
2026-09-29,"commercial fridge repair london",7,58,0.120690,11.43,2026-09-22,2026-09-28
2026-09-29,"cold room repair london",14,42,0.333333,12.10,2026-09-22,2026-09-28
2026-09-29,"chiller repair near me",0,11,0.000000,15.91,2026-09-22,2026-09-28
2026-09-29,"commercial freezer repair london",0,0,0.000000,0.00,2026-09-22,2026-09-28
2026-09-29,"ice machine repair london",0,0,0.000000,0.00,2026-09-22,2026-09-28
2026-09-30,"fridge repair london",3,58,0.051724,9.38,2026-09-23,2026-09-29
2026-09-30,"freezer repair london",2,35,0.057143,10.14,2026-09-23,2026-09-29
2026-09-30,"commercial fridge repair london",3,46,0.065217,6.50,2026-09-23,2026-09-29
2026-09-30,"cold room repair london",11,40,0.275000,13.53,2026-09-23,2026-09-29
2026-09-30,"chiller repair near me",0,11,0.000000,15.27,2026-09-23,2026-09-29
2026-09-30,"commercial freezer repair london",0,0,0.000000,0.00,2026-09-23,2026-09-29
2026-09-30,"ice machine repair london",0,0,0.000000,0.00,2026-09-23,2026-09-29
2026-10-01,"fridge repair london",3,55,0.054545,9.22,2026-09-24,2026-09-30
2026-10-01,"freezer repair london",2,35,0.057143,9.54,2026-09-24,2026-09-30
2026-10-01,"commercial fridge repair london",3,40,0.075000,6.45,2026-09-24,2026-09-30
2026-10-01,"cold room repair london",9,34,0.264706,15.24,2026-09-24,2026-09-30
2026-10-01,"chiller repair near me",0,11,0.000000,14.00,2026-09-24,2026-09-30
2026-10-01,"commercial freezer repair london",0,0,0.000000,0.00,2026-09-24,2026-09-30
2026-10-01,"ice machine repair london",0,0,0.000000,0.00,2026-09-24,2026-09-30
2026-10-02,"fridge repair london",3,63,0.047619,8.35,2026-09-25,2026-10-01
2026-10-02,"freezer repair london",1,32,0.031250,8.63,2026-09-25,2026-10-01
2026-10-02,"commercial fridge repair london",2,37,0.054054,6.54,2026-09-25,2026-10-01
2026-10-02,"cold room repair london",7,34,0.205882,14.68,2026-09-25,2026-10-01
2026-10-02,"chiller repair near me",0,10,0.000000,12.30,2026-09-25,2026-10-01
2026-10-02,"commercial freezer repair london",0,0,0.000000,0.00,2026-09-25,2026-10-01
2026-10-02,"ice machine repair london",0,0,0.000000,0.00,2026-09-25,2026-10-01
2026-10-03,"fridge repair london",3,49,0.061224,7.22,2026-09-26,2026-10-02
2026-10-03,"freezer repair london",0,24,0.000000,9.04,2026-09-26,2026-10-02
2026-10-03,"commercial fridge repair london",1,35,0.028571,6.06,2026-09-26,2026-10-02
2026-10-03,"cold room repair london",6,32,0.187500,15.13,2026-09-26,2026-10-02
2026-10-03,"chiller repair near me",0,12,0.000000,12.08,2026-09-26,2026-10-02
2026-10-03,"commercial freezer repair london",0,0,0.000000,0.00,2026-09-26,2026-10-02
2026-10-03,"ice machine repair london",0,0,0.000000,0.00,2026-09-26,2026-10-02
2026-10-04,"fridge repair london",1,46,0.021739,7.63,2026-09-27,2026-10-03
2026-10-04,"freezer repair london",1,18,0.055556,9.89,2026-09-27,2026-10-03
2026-10-04,"commercial fridge repair london",3,43,0.069767,6.16,2026-09-27,2026-10-03
2026-10-04,"cold room repair london",7,29,0.241379,16.17,2026-09-27,2026-10-03
2026-10-04,"chiller repair near me",0,14,0.000000,10.43,2026-09-27,2026-10-03
2026-10-04,"commercial freezer repair london",0,0,0.000000,0.00,2026-09-27,2026-10-03
2026-10-04,"ice machine repair london",0,0,0.000000,0.00,2026-09-27,2026-10-03
2026-10-05,"fridge repair london",1,48,0.020833,8.50,2026-09-28,2026-10-04
2026-10-05,"freezer repair london",2,17,0.117647,10.35,2026-09-28,2026-10-04
2026-10-05,"commercial fridge repair london",2,42,0.047619,6.21,2026-09-28,2026-10-04
2026-10-05,"cold room repair london",7,29,0.241379,16.21,2026-09-28,2026-10-04
2026-10-05,"chiller repair near me",0,14,0.000000,14.14,2026-09-28,2026-10-04
2026-10-05,"commercial freezer repair london",0,0,0.000000,0.00,2026-09-28,2026-10-04
2026-10-05,"ice machine repair london",0,0,0.000000,0.00,2026-09-28,2026-10-04
2026-10-06,"fridge repair london",0,47,0.000000,8.81,2026-09-29,2026-10-05
2026-10-06,"freezer repair london",2,8,0.250000,11.25,2026-09-29,2026-10-05
2026-10-06,"commercial fridge repair london",4,45,0.088889,6.44,2026-09-29,2026-10-05
2026-10-06,"cold room repair london",5,24,0.208333,10.21,2026-09-29,2026-10-05
2026-10-06,"chiller repair near me",0,11,0.000000,13.64,2026-09-29,2026-10-05
2026-10-06,"commercial freezer repair london",0,0,0.000000,0.00,2026-09-29,2026-10-05
2026-10-06,"ice machine repair london",0,0,0.000000,0.00,2026-09-29,2026-10-05
2026-10-07,"fridge repair london",0,50,0.000000,9.60,2026-09-30,2026-10-06
2026-10-07,"freezer repair london",3,9,0.333333,13.11,2026-09-30,2026-10-06
2026-10-07,"commercial fridge repair london",5,49,0.102041,7.20,2026-09-30,2026-10-06
2026-10-07,"cold room repair london",5,22,0.227273,2.73,2026-09-30,2026-10-06
2026-10-07,"chiller repair near me",0,13,0.000000,13.77,2026-09-30,2026-10-06
2026-10-07,"commercial freezer repair london",0,0,0.000000,0.00,2026-09-30,2026-10-06
2026-10-07,"ice machine repair london",0,0,0.000000,0.00,2026-09-30,2026-10-06
2026-10-08,"fridge repair london",0,46,0.000000,10.24,2026-10-01,2026-10-07
2026-10-08,"freezer repair london",3,6,0.500000,12.83,2026-10-01,2026-10-07
2026-10-08,"commercial fridge repair london",5,49,0.102041,7.33,2026-10-01,2026-10-07
2026-10-08,"cold room repair london",5,21,0.238095,2.67,2026-10-01,2026-10-07
2026-10-08,"chiller repair near me",0,15,0.000000,13.20,2026-10-01,2026-10-07
2026-10-08,"commercial freezer repair london",0,0,0.000000,0.00,2026-10-01,2026-10-07
2026-10-08,"ice machine repair london",0,0,0.000000,0.00,2026-10-01,2026-10-07
2026-10-09,"fridge repair london",3,53,0.056604,11.21,2026-10-02,2026-10-08
2026-10-09,"freezer repair london",3,7,0.428571,11.43,2026-10-02,2026-10-08
2026-10-09,"commercial fridge repair london",6,57,0.105263,7.58,2026-10-02,2026-10-08
2026-10-09,"cold room repair london",7,26,0.269231,2.81,2026-10-02,2026-10-08
2026-10-09,"chiller repair near me",0,16,0.000000,12.81,2026-10-02,2026-10-08
2026-10-09,"commercial freezer repair london",0,0,0.000000,0.00,2026-10-02,2026-10-08
2026-10-09,"ice machine repair london",0,0,0.000000,0.00,2026-10-02,2026-10-08
